iter	RMSE
0	6.123724357
1	4.592793268
